ALTER TABLE ACCOUNT ADD CONSTRAINT FK1_ACCOUNT FOREIGN KEY (BRNO) REFERENCES BRANCH (BNO);
ALTER TABLE ACCOUNT ADD CONSTRAINT FK2_ACCOUNT FOREIGN KEY (CNO) REFERENCES CUSTOMER (CUSTNO);
ALTER TABLE CREDITACCOUNT ADD CONSTRAINT FK1_CREDITACCOUNT FOREIGN KEY (BRNCHNO) REFERENCES BRANCH (BNO);
ALTER TABLE CREDITACCOUNT ADD CONSTRAINT FK2_CREDITACCOUNT FOREIGN KEY (CUNO) REFERENCES CUSTOMER (CUSTNO);

ALTER TABLE BRANCH ADD CONSTRAINT CONTROL CHECK (ASSET>0);

ALTER TABLE CREDITACCOUNT ADD CONSTRAINT CHECK_ENDDATE CHECK (ENDDATE>STARTDATE);

-- ALTER SESSION SET NLS_DATE_LANGUAGE = ENGLISH;
--INSERT INTO ACCOUNT (BRNO, ACNO, CNO, OPENINGDATE, BALANCE) VALUES (6412, 123456, 1111, DATE '2021-02-09', 2570);
--INSERT INTO ACCOUNT (BRNO, ACNO, CNO, OPENINGDATE, BALANCE)VALUES (6412, 123456, 1111, TO_DATE('09-FEB-2021','DD-MON-YYYY','NLS_DATE_LANGUAGE=ENGLISH'), 2570);

INSERT INTO ACCOUNT (BRNO, ACNO, CNO, OPENINGDATE, BALANCE)
VALUES (6412, 123456, 1111, TO_DATE ('09-FEB-2021','DD-MON-YYYY'), 2570);
INSERT INTO ACCOUNT (BRNO, ACNO,  CNO,  OPENINGDATE, BALANCE) 
VALUES (6577, 125478, 1111, TO_DATE ('09-JAN-2020','DD-MON-YYYY'),5750);
INSERT INTO ACCOUNT (BRNO, ACNO,  CNO,  OPENINGDATE, BALANCE)
VALUES (3425, 112547, 2222, TO_DATE ('05-JUN-2020','DD-MON-YYYY'),2345.5);
INSERT INTO ACCOUNT (BRNO, ACNO, CNO, OPENINGDATE, BALANCE)
VALUES (3442, 136587, 3333, TO_DATE ('10-MAR-2020','DD-MON-YYYY'), 1250);


INSERT INTO BRANCH (BNO, BNAME, CITY, ASSET) 
VALUES (6412, 'BILKENT',  'ANKARA',   12345268.99);
INSERT INTO BRANCH (BNO, BNAME, CITY, ASSET) 
VALUES (6577, 'CANKAYA',  'ANKARA',   25482698.89);
INSERT INTO BRANCH (BNO, BNAME, CITY, ASSET) 
VALUES (3425, 'BEYOGLU',  'ISTANBUL', 45274587.75);
INSERT INTO BRANCH (BNO, BNAME, CITY, ASSET) 
VALUES (3442, 'BESIKTAS', 'ISTANBUL', 52365412.25);


INSERT INTO CUSTOMER (CUSTNO, CNAME, CSURNAME, ADDRESS,  CITY) 
VALUES (1111, 'ALI',  'YILMAZ', 'BILKENT', 'ANKARA');
INSERT INTO CUSTOMER (CUSTNO, CNAME, CSURNAME, ADDRESS,  CITY) 
VALUES (2222, 'AYSE', 'GULER',  'BEYOGLU', 'ISTANBUL');
INSERT INTO CUSTOMER (CUSTNO, CNAME, CSURNAME, ADDRESS,  CITY) 
VALUES (3333, 'CAN',  'ASLAN',  'CANKAYA', 'ANKARA');


INSERT INTO CREDITACCOUNT (BRNCHNO, LOANNO, CUNO, AMOUNT, STARTDATE, ENDDATE, NOOFINST)
VALUES (6412, 3456, 1111, 20000, TO_DATE ('01-FEB-2021', 'DD-MON-YYYY'), TO_DATE ('01-NOV-2021','DD-MON-YYYY'),10);
INSERT INTO CREDITACCOUNT (BRNCHNO, LOANNO, CUNO, AMOUNT, STARTDATE, ENDDATE, NOOFINST)
VALUES (3425, 3658, 2222, 55000, TO_DATE ('10-JUN-2021','DD-MON-YYYY'), TO_DATE ('10-OCT-2021','DD-MON-YYYY'),5);


COMMIT;
